City_ID,City,Country,Lat,Lng,Max Temp,Humidity,Cloudiness,Wind Speed,Current Description
0,Hithadhoo,MV,-0.6,73.0833,80.24,65,60,7.0,broken clouds
1,Bowen,AU,-20.0167,148.2333,80.82,73,36,17.92,scattered clouds
2,Saint-Philippe,RE,-21.3585,55.7679,74.79,74,8,5.68,clear sky
3,Caceres,ES,39.522,-6.3748,42.8,41,0,8.68,clear sky
4,Kapaa,US,22.0752,-159.319,81.12,71,7,1.99,clear sky
5,Airai,TL,-8.9266,125.4092,62.82,87,100,3.33,overcast clouds
6,Huayucachi,PE,-12.1333,-75.2333,49.39,92,100,0.38,heavy intensity rain
7,Port Alfred,ZA,-33.5906,26.891,66.16,80,17,9.26,light rain
8,Yellowknife,CA,62.456,-114.3525,0.41,88,75,11.5,light snow
9,Kharp,RU,66.8014,65.8081,6.24,91,100,5.35,overcast clouds
10,Atuona,PF,-9.8,-139.0333,77.81,71,9,14.16,clear sky
11,North Bend,US,43.4065,-124.2243,60.85,88,30,1.9,scattered clouds
12,Inongo,CD,-1.95,18.2667,77.47,63,100,2.26,overcast clouds
13,Kodiak,US,57.79,-152.4072,23.77,87,100,12.62,light snow
14,Castro,BR,-24.7911,-50.0119,60.73,99,100,7.76,overcast clouds
15,East London,ZA,-33.0153,27.9116,68.77,77,52,11.68,broken clouds
16,The Valley,AI,18.217,-63.0578,78.66,68,1,14.03,clear sky
17,Lorengau,PG,-2.0226,147.2712,81.57,82,100,5.06,overcast clouds
18,Te Anau,NZ,-45.4167,167.7167,66.42,48,58,6.29,broken clouds
19,San Jose,US,37.3394,-121.895,71.11,36,40,1.01,scattered clouds
20,Rikitea,PF,-23.1203,-134.9692,78.17,69,100,14.7,overcast clouds
21,Lebu,CL,-37.6167,-73.65,63.45,79,2,5.3,clear sky
22,Allapalli,IN,19.4167,80.0667,52.38,49,6,2.64,clear sky
23,Dali,CN,25.7,100.1833,35.87,89,3,3.74,clear sky
24,Bengkulu,ID,-3.8004,102.2655,75.81,87,100,3.51,overcast clouds
25,Mataura,NZ,-46.1927,168.8643,71.31,35,96,4.99,overcast clouds
26,Rocha,UY,-34.4833,-54.3333,61.95,76,6,5.39,clear sky
27,Paoua,CF,7.2427,16.4406,68.49,23,61,4.34,broken clouds
28,Sao Jose Da Coroa Grande,BR,-8.8978,-35.1478,80.01,75,96,12.19,moderate rain
29,Arraial Do Cabo,BR,-22.9661,-42.0278,75.16,94,75,3.44,broken clouds
30,Albany,US,42.6001,-73.9662,27.75,82,100,7.29,overcast clouds
31,Bethel,US,41.3712,-73.414,30.49,86,100,3.74,overcast clouds
32,Butaritari,KI,3.0707,172.7902,81.88,79,56,17.09,light rain
33,Reconquista,AR,-29.15,-59.65,79.56,32,0,7.11,clear sky
34,Mecca,SA,21.4267,39.8261,63.99,51,1,6.33,clear sky
35,Cuenca,EC,-2.8833,-78.9833,64.53,72,75,11.5,broken clouds
36,Hobart,AU,-42.8794,147.3294,66.27,78,75,1.01,broken clouds
37,Ushuaia,AR,-54.8,-68.3,64.06,48,40,2.3,scattered clouds
38,Dingle,PH,10.9995,122.6711,76.08,89,33,4.32,scattered clouds
39,Chapada Dos Guimaraes,BR,-15.4606,-55.7497,74.86,94,100,3.51,overcast clouds
40,Jamestown,US,42.097,-79.2353,18.09,49,100,5.99,overcast clouds
41,Guerrero Negro,MX,27.9769,-114.0611,73.02,24,26,5.73,scattered clouds
42,Ancud,CL,-41.8697,-73.8203,76.53,67,0,8.3,clear sky
43,Victoria,HK,22.2855,114.1577,65.32,92,81,10.98,broken clouds
44,Nabire,ID,-3.3667,135.4833,78.82,84,99,2.42,overcast clouds
45,Saint George,US,37.1041,-113.5841,61.27,14,0,1.01,clear sky
46,Mar Del Plata,AR,-38.0023,-57.5575,71.62,72,0,20.0,clear sky
47,San Buenaventura,MX,27.0833,-101.5333,47.48,44,80,2.37,broken clouds
48,Puerto Ayora,EC,-0.7393,-90.3518,80.56,79,66,8.66,broken clouds
49,Goderich,CA,43.7501,-81.7165,8.91,66,51,8.05,broken clouds
50,Wattegama,LK,6.7989,81.4808,70.36,94,5,3.13,clear sky
51,Broome,US,42.2506,-75.833,21.36,80,100,3.0,mist
52,Narsaq,GL,60.9167,-46.05,15.93,95,100,7.07,snow
53,Nioro,GM,13.35,-15.75,75.78,37,59,8.61,broken clouds
54,Macomb,US,40.4592,-90.6718,21.27,50,0,8.01,clear sky
55,Chateauroux,FR,46.8167,1.7,36.55,100,100,3.44,mist
56,Najran,SA,17.4924,44.1277,54.25,26,5,3.67,clear sky
57,Bambous Virieux,MU,-20.3428,57.7575,79.05,89,40,1.14,light rain
58,Makat,KZ,47.6469,53.3463,25.66,95,98,13.87,overcast clouds
59,New Norfolk,AU,-42.7826,147.0587,65.91,60,98,3.0,overcast clouds
60,Vaini,TO,-21.2,-175.2,82.47,79,97,19.13,overcast clouds
61,Ottersberg,DE,53.1,9.15,43.02,87,100,14.38,overcast clouds
62,Port Hedland,AU,-20.3167,118.5667,80.65,74,75,11.5,light rain
63,Caravelas,BR,-17.7125,-39.2481,77.79,80,4,7.99,clear sky
64,Olafsvik,IS,64.8945,-23.7142,23.2,66,67,17.69,broken clouds
65,Pontal Do Parana,BR,-25.6533,-48.5128,74.41,95,100,9.82,overcast clouds
66,Avarua,CK,-21.2078,-159.775,84.25,74,20,14.97,few clouds
67,Darhan,MN,49.4867,105.9228,-16.24,100,69,1.99,broken clouds
68,Dikson,RU,73.5069,80.5464,3.31,94,100,18.45,overcast clouds
69,Nanortalik,GL,60.1432,-45.2371,25.66,90,100,8.7,light snow
70,Grand Forks,US,47.9417,-97.4337,11.88,85,100,4.61,overcast clouds
71,Salalah,OM,17.0151,54.0924,70.12,47,62,5.73,broken clouds
72,Trelew,AR,-43.249,-65.3051,74.59,54,12,19.98,few clouds
73,Angoram,PG,-4.0625,144.0661,75.92,97,100,4.68,overcast clouds
74,Yangjiang,CN,21.85,111.9667,62.26,94,14,3.94,few clouds
75,Dongsheng,CN,39.8161,109.9776,16.7,47,0,5.12,clear sky
76,Xam Nua,LA,20.4197,104.0439,56.16,95,58,2.57,broken clouds
77,La Ronge,CA,55.1001,-105.2842,10.65,79,100,11.5,overcast clouds
78,Grindavik,IS,63.8424,-22.4338,23.47,68,75,25.32,broken clouds
79,Chokurdakh,RU,70.6333,147.9167,-30.6,96,95,1.45,overcast clouds
80,Hounde,BF,11.5,-3.5167,77.59,16,7,5.93,clear sky
81,Punta Arenas,CL,-53.15,-70.9167,71.71,20,0,13.8,clear sky
82,Lasa,IT,46.6166,10.7002,31.37,62,45,7.94,scattered clouds
83,Ponta Do Sol,PT,32.6667,-17.1,61.72,63,73,6.93,broken clouds
84,Lagoa,PT,39.05,-27.9833,57.69,58,73,10.83,broken clouds
85,Port Hardy,CA,50.6996,-127.4199,46.76,76,75,8.05,broken clouds
86,Carballo,ES,43.213,-8.691,46.76,90,0,3.8,clear sky
87,Georgetown,MY,5.4112,100.3354,80.89,91,20,1.01,few clouds
88,Hilo,US,19.7297,-155.09,79.25,82,17,8.01,few clouds
89,Bredasdorp,ZA,-34.5322,20.0403,63.72,72,71,6.91,broken clouds
90,Ballarat,AU,-37.5662,143.8496,62.15,84,91,7.83,overcast clouds
91,Carnarvon,AU,-24.8667,113.6333,69.87,94,0,5.75,clear sky
92,Tuktoyaktuk,CA,69.4541,-133.0374,-18.4,76,75,17.27,broken clouds
93,Busselton,AU,-33.65,115.3333,68.04,57,27,8.39,scattered clouds
94,Gusau,NG,12.1628,6.6614,68.68,20,2,13.6,clear sky
95,Faanui,PF,-16.4833,-151.75,81.1,75,9,15.66,light rain
96,Cape Town,ZA,-33.9258,18.4232,67.26,72,0,5.01,clear sky
97,San Quintin,MX,30.4833,-115.95,66.81,34,95,7.07,overcast clouds
98,Manicore,BR,-5.8092,-61.3003,73.51,96,100,2.68,light rain
99,Gornozavodsk,RU,58.3758,58.3211,-1.91,100,100,2.01,overcast clouds
100,Oranjemund,NA,-28.55,16.4333,63.9,86,44,17.16,scattered clouds
101,Khatanga,RU,71.9667,102.5,-1.89,87,100,5.1,overcast clouds
102,Sassandra,CI,4.95,-6.0833,78.85,85,66,5.48,broken clouds
103,Sitka,US,57.0531,-135.33,39.61,98,100,6.17,moderate rain
104,Bilibino,RU,68.0546,166.4372,-9.47,97,100,4.21,overcast clouds
105,Fairbanks,US,64.8378,-147.7164,-3.44,89,100,4.52,overcast clouds
106,Hermanus,ZA,-34.4187,19.2345,62.8,77,0,11.45,clear sky
107,Port Elizabeth,ZA,-33.918,25.5701,66.09,82,75,12.66,broken clouds
108,Vao,NC,-22.6667,167.4833,78.4,83,100,22.21,light rain
109,Nishihara,JP,26.1842,127.7558,64.45,97,100,5.75,mist
110,Weymouth,US,42.2209,-70.9398,33.89,68,100,3.44,overcast clouds
111,Kavaratti,IN,10.5669,72.642,80.49,72,20,10.2,few clouds
112,Anadyr,RU,64.75,177.4833,-5.01,83,99,2.24,fog
113,Constitucion,CL,-35.3333,-72.4167,62.1,79,0,8.72,clear sky
114,Gorgan,IR,36.8387,54.4348,31.96,100,0,0.0,clear sky
115,Chongoyape,PE,-6.6406,-79.3892,72.57,73,100,4.88,overcast clouds
116,Tiksi,RU,71.6872,128.8694,-7.29,99,97,7.9,overcast clouds
117,Nikolskoye,RU,59.7035,30.7861,24.69,95,100,7.61,overcast clouds
118,Shemonaikha,KZ,50.6328,81.9056,-9.15,99,24,3.38,few clouds
119,Lavrentiya,RU,65.5833,-171.0,-7.49,95,6,4.14,clear sky
120,Nueve De Julio,AR,-35.4444,-60.8831,67.69,70,0,6.55,clear sky
121,Obuasi,GH,6.206,-1.6619,72.61,72,78,1.92,broken clouds
122,Gazanjyk,TM,39.2446,55.5154,36.61,84,7,2.1,clear sky
123,Upernavik,GL,72.7868,-56.1549,3.25,66,100,7.78,overcast clouds
124,Sidi Ali,DZ,36.0998,0.4206,50.79,58,4,8.61,clear sky
125,Longyearbyen,SJ,78.2186,15.6401,4.84,78,20,14.97,few clouds
126,Limbang,MY,4.75,115.0,77.31,95,100,1.63,overcast clouds
127,Sioux Lookout,CA,50.1001,-91.917,5.38,60,40,2.3,scattered clouds
128,Concepcion,CL,-36.827,-73.0498,62.4,82,100,8.05,overcast clouds
129,Dzilam Gonzalez,MX,21.2833,-88.9333,74.1,73,43,9.04,scattered clouds
130,Iskateley,RU,67.6803,53.1512,-2.51,97,98,9.89,overcast clouds
131,Barrow,US,71.2906,-156.7887,-18.69,97,91,12.8,overcast clouds
132,Thompson,CA,55.7435,-97.8558,-5.64,71,100,6.91,overcast clouds
133,Solnechnyy,RU,50.7214,136.6319,-7.89,97,100,2.39,overcast clouds
134,Steinbach,DE,50.1667,8.5667,40.6,85,20,8.05,few clouds
135,North Myrtle Beach,US,33.816,-78.68,45.21,59,100,3.0,overcast clouds
136,Whitehorse,CA,60.7161,-135.0538,36.37,69,75,13.8,broken clouds
137,Vostok,RU,46.4856,135.8833,-11.42,99,100,4.09,overcast clouds
138,Tautira,PF,-17.7333,-149.15,84.22,75,25,16.06,light rain
139,Coruripe,BR,-10.1256,-36.1756,80.28,78,98,14.74,overcast clouds
140,Manggar,ID,-2.8833,108.2667,78.4,81,100,6.35,overcast clouds
141,Yar-Sale,RU,66.8333,70.8333,-10.12,98,85,7.31,overcast clouds
142,Solhan,TR,38.9634,41.0293,18.91,94,100,1.32,light snow
143,Eatonton,US,33.3268,-83.3885,49.35,47,99,14.27,overcast clouds
144,Walvis Bay,NA,-22.9575,14.5053,64.09,88,0,3.44,clear sky
145,Saskylakh,RU,71.9167,114.0833,-0.74,90,100,5.95,overcast clouds
146,Tasiilaq,GL,65.6145,-37.6368,5.94,69,55,6.91,broken clouds
147,Lompoc,US,34.6391,-120.4579,73.71,38,0,9.22,clear sky
148,Gimli,CA,50.6336,-96.9907,1.42,71,89,3.44,overcast clouds
149,Ust-Tsilma,RU,65.441,52.1498,6.93,93,99,7.16,overcast clouds
150,Svirstroy,RU,60.7999,33.7248,13.86,98,100,1.97,overcast clouds
151,Boundiali,CI,9.5217,-6.4869,76.01,17,34,0.22,scattered clouds
152,Tura,IN,25.5198,90.2201,49.5,55,0,3.83,clear sky
153,Hasaki,JP,35.7333,140.8333,34.2,51,100,6.06,overcast clouds
154,Cherskiy,RU,68.75,161.3,-10.77,93,100,3.42,overcast clouds
155,Kaitangata,NZ,-46.2817,169.8464,63.93,74,92,2.91,overcast clouds
156,Ulladulla,AU,-35.35,150.4667,82.87,62,62,8.59,light rain
157,Sibolga,ID,1.7427,98.7792,75.27,88,84,3.22,broken clouds
158,Vestmannaeyjar,IS,63.4427,-20.2734,33.03,78,100,16.35,overcast clouds
159,Havoysund,NO,70.9963,24.6622,20.28,76,100,7.4,overcast clouds
160,Kurtamysh,RU,54.9103,64.4319,3.18,99,100,4.41,overcast clouds
161,Murgab,TM,37.4966,61.9714,39.07,65,40,4.61,scattered clouds
162,Manokwari,ID,-0.8667,134.0833,80.29,76,93,3.78,overcast clouds
163,Umm Lajj,SA,25.0213,37.2685,60.85,50,2,14.7,clear sky
164,Chapais,CA,49.7834,-74.8492,-13.22,98,91,3.38,overcast clouds
165,Aklavik,CA,68.2191,-135.0107,-16.6,76,20,5.75,few clouds
166,Straumen,NO,63.8709,11.2999,35.94,92,100,3.56,moderate rain
167,Itarema,BR,-2.9248,-39.9167,72.97,86,100,8.61,overcast clouds
168,Adrar,MR,20.5022,-10.0711,73.15,12,100,3.69,overcast clouds
169,Bud,US,39.447,-86.1758,21.16,64,100,13.18,overcast clouds
170,Bonthe,SL,7.5264,-12.505,78.69,83,81,5.01,broken clouds
171,Mulege,MX,26.8833,-111.9833,66.78,44,2,15.7,clear sky
172,Sao Felix Do Xingu,BR,-6.6447,-51.995,71.82,97,99,1.05,overcast clouds
173,Sabang,ID,5.8933,95.3214,81.23,78,36,6.29,scattered clouds
174,Henties Bay,NA,-22.116,14.2845,63.86,84,46,8.63,scattered clouds
175,Ahuimanu,US,21.4447,-157.8378,80.78,62,3,3.0,clear sky
176,Sukhobezvodnoye,RU,57.0491,44.8891,12.24,96,99,8.08,overcast clouds
177,Pangnirtung,CA,66.1451,-65.7125,-13.0,77,100,2.3,light snow
178,Okhotsk,RU,59.3833,143.3,9.16,77,100,17.07,overcast clouds
179,Yerbogachen,RU,61.2767,108.0108,-23.12,100,98,4.45,overcast clouds
180,Kavieng,PG,-2.5744,150.7967,82.83,74,99,5.17,light rain
181,Bantogon,PH,6.5333,124.0333,77.9,82,97,3.44,overcast clouds
182,Vicuna,CL,-30.0319,-70.7081,78.76,52,0,5.84,clear sky
183,Buraydah,SA,26.326,43.975,50.52,35,94,10.04,overcast clouds
184,Hamburg,DE,53.55,10.0,41.22,83,75,12.66,broken clouds
185,Erdenet,MN,49.0333,104.0833,-7.62,96,100,4.36,overcast clouds
186,Baijiantan,CN,45.6333,85.1833,0.54,93,14,1.05,few clouds
187,Oktyabrskiy,RU,54.4815,53.471,3.87,98,98,1.79,overcast clouds
188,Chipinge,ZW,-20.1883,32.6236,64.2,96,98,3.96,light rain
189,Sao Filipe,CV,14.8961,-24.4956,71.76,71,95,11.59,overcast clouds
190,Nome,US,64.5011,-165.4064,-8.9,69,0,5.84,clear sky
191,Brookings,US,44.3114,-96.7984,32.34,90,63,3.71,broken clouds
192,Provideniya,RU,64.3833,-173.3,0.16,97,20,2.93,few clouds
193,Kenai,US,60.5544,-151.2583,26.65,86,100,18.41,light snow
194,Marakkanam,IN,12.2,79.95,75.69,75,100,13.24,overcast clouds
195,Ixtapa,MX,20.7,-105.2,76.23,78,80,5.99,broken clouds
196,Husavik,IS,66.0449,-17.3389,23.32,93,94,29.15,snow
197,Geraldton,AU,-28.7667,114.6,72.01,78,0,8.05,clear sky
198,Kuusamo,FI,65.9667,29.1833,14.04,92,100,8.05,overcast clouds
199,Mahibadhoo,MV,3.7833,72.9667,81.05,63,42,15.35,scattered clouds
200,Sao Paulo De Olivenca,BR,-3.3783,-68.8725,77.79,86,87,2.86,light rain
201,Kruisfontein,ZA,-34.0033,24.7314,63.88,83,29,5.44,light rain
202,Visby,SE,57.6409,18.296,35.82,69,78,10.36,broken clouds
203,Cocorit,MX,27.5833,-109.9667,82.51,15,50,8.63,scattered clouds
204,Batemans Bay,AU,-35.7167,150.1833,81.19,65,77,3.27,light rain
205,Rabaul,PG,-4.1967,152.1721,82.11,74,97,5.61,overcast clouds
206,Hofn,IS,64.2539,-15.2082,31.55,54,61,18.01,broken clouds
207,Alenquer,BR,-1.9417,-54.7383,74.89,93,49,1.83,light rain
208,Dauphin,CA,51.1494,-100.0502,8.6,96,98,4.83,overcast clouds
209,Kushmurun,KZ,52.4503,64.6311,10.89,81,100,7.92,overcast clouds
210,Zhicheng,CN,30.2956,111.5047,33.49,97,100,0.89,light snow
211,Portland,US,45.5234,-122.6762,53.76,52,83,3.0,broken clouds
212,Codrington,AU,-38.2667,141.9667,64.18,74,96,12.24,overcast clouds
213,Maridi,SS,4.9158,29.4742,71.73,29,74,6.89,broken clouds
214,Liverpool,GB,53.4106,-2.9779,52.29,87,75,1.99,broken clouds
215,Benjamin Aceval,PY,-24.9667,-57.5667,86.07,34,91,8.34,overcast clouds
216,Huarmey,PE,-10.0681,-78.1522,71.28,81,100,8.79,overcast clouds
217,Touros,BR,-5.1989,-35.4608,79.21,75,82,5.35,broken clouds
218,Linfen,CN,36.0889,111.5189,31.12,77,13,3.04,few clouds
219,Veseloyarsk,RU,51.2836,81.1056,-10.46,98,35,4.54,scattered clouds
220,Port Blair,IN,11.6667,92.75,78.75,78,81,7.54,broken clouds
221,Vila Velha,BR,-20.3297,-40.2925,80.55,84,40,7.0,scattered clouds
222,Waipawa,NZ,-41.4122,175.5153,70.43,44,63,6.33,broken clouds
223,Hami,CN,42.8,93.45,20.75,53,0,4.59,clear sky
224,Tukrah,LY,32.5341,20.5791,55.04,67,28,10.36,scattered clouds
225,Kachiry,KZ,53.0675,76.1036,-0.92,91,100,6.98,overcast clouds
226,Mount Gambier,AU,-37.8333,140.7667,66.11,88,100,12.66,overcast clouds
227,Bathsheba,BB,13.2167,-59.5167,77.05,84,44,13.35,scattered clouds
228,Chuy,UY,-33.6971,-53.4616,65.37,70,45,6.87,scattered clouds
229,Mancio Lima,BR,-7.6142,-72.8958,80.4,77,100,2.64,overcast clouds
230,Namibe,AO,-15.1961,12.1522,72.32,82,100,5.68,overcast clouds
231,Acapulco,MX,16.8634,-99.8901,82.26,65,0,8.81,clear sky
232,Kalat,PK,29.0225,66.5916,43.23,49,0,7.31,clear sky
233,Loandjili,CG,-4.7561,11.8578,76.89,88,89,1.54,overcast clouds
234,Soe,ID,-9.8607,124.284,68.07,88,99,5.17,overcast clouds
235,Seaford,GB,50.7714,0.1027,50.38,93,100,11.99,overcast clouds
236,Werda,BW,-25.2667,23.2833,73.38,59,28,4.45,scattered clouds
237,Healdsburg,US,38.6105,-122.8692,69.01,48,0,1.01,clear sky
238,Rio Grande,BR,-32.035,-52.0986,71.94,64,13,11.48,few clouds
239,Matara,LK,5.9485,80.5353,73.29,92,44,4.27,scattered clouds
240,Salacgriva,LV,57.7536,24.3581,29.89,78,87,16.62,overcast clouds
241,Pisco,PE,-13.7,-76.2167,69.03,81,12,5.77,few clouds
242,Mahasamund,IN,21.1,82.1,52.66,44,3,3.58,clear sky
243,Sananduva,BR,-27.9497,-51.8067,61.66,90,100,6.29,overcast clouds
244,Iqaluit,CA,63.7506,-68.5145,-9.74,98,100,6.96,overcast clouds
245,Kahului,US,20.8947,-156.47,80.96,69,5,7.09,clear sky
246,Pevek,RU,69.7008,170.3133,-15.29,100,49,2.44,scattered clouds
247,Coquimbo,CL,-29.9533,-71.3436,65.12,80,24,7.83,few clouds
248,Comodoro Rivadavia,AR,-45.8667,-67.5,65.01,81,83,8.77,broken clouds
249,Kuching,MY,1.55,110.3333,75.42,100,20,0.0,few clouds
250,Kedougou,SN,12.5579,-12.1743,82.38,20,64,2.53,broken clouds
251,Luderitz,NA,-26.6481,15.1594,68.9,72,1,28.14,clear sky
252,Torbay,CA,47.6666,-52.7314,27.57,84,100,9.22,overcast clouds
253,Qui Nhon,VN,13.7667,109.2333,70.07,88,57,6.02,broken clouds
254,Leningradskiy,RU,69.3833,178.4167,-11.96,95,66,2.3,broken clouds
255,Ahipara,NZ,-35.1667,173.1667,73.4,53,100,10.67,overcast clouds
256,Kaifeng,CN,34.7911,114.3483,28.6,90,43,4.83,scattered clouds
257,Kokkola,FI,63.8385,23.1307,19.92,93,0,4.0,clear sky
258,Faya,SA,18.3851,42.4509,51.96,89,89,4.79,overcast clouds
259,Rafaela,AR,-31.2503,-61.4867,75.99,55,0,5.44,clear sky
260,Talnakh,RU,69.4865,88.3972,1.2,93,100,12.21,light snow
261,Eirunepe,BR,-6.6603,-69.8736,75.61,95,100,2.26,moderate rain
262,Teguldet,RU,57.3064,88.1667,1.15,98,96,4.7,overcast clouds
263,Takaka,NZ,-40.85,172.8,71.56,53,63,5.64,broken clouds
264,Helong,CN,42.5397,128.9972,6.67,76,20,8.86,few clouds
265,Kulhudhuffushi,MV,6.6221,73.07,81.23,70,18,19.48,few clouds
266,Ziro,IN,27.6333,93.8333,27.18,91,1,2.86,clear sky
267,Chauk,MM,20.8833,94.8167,61.56,58,10,4.7,clear sky
268,Banjar,ID,-8.19,114.9675,80.46,89,100,0.74,overcast clouds
269,Ishigaki,JP,24.3448,124.1572,66.33,100,100,3.44,overcast clouds
270,Iisalmi,FI,63.5592,27.1907,23.02,98,82,3.11,broken clouds
271,Talcahuano,CL,-36.7167,-73.1167,61.32,88,3,8.39,clear sky
272,Iquique,CL,-20.2208,-70.1431,69.84,74,29,1.21,scattered clouds
273,Chico,US,39.7285,-121.8375,66.63,42,89,1.7,overcast clouds
274,Bluff,NZ,-46.6,168.3333,59.56,66,94,5.68,overcast clouds
275,Blagoveshchensk,RU,50.2667,127.5333,-13.59,76,0,2.24,clear sky
276,Fortuna,US,40.5982,-124.1573,65.32,39,0,0.0,clear sky
277,Morondava,MG,-20.2833,44.2833,80.13,75,18,2.89,few clouds
278,Groa,NO,62.65,8.7167,42.89,89,100,13.91,overcast clouds
279,Ust-Kuyga,RU,70.0167,135.6,-25.19,100,96,1.32,overcast clouds
280,Avila,ES,40.5833,-5.0,39.65,31,0,4.32,clear sky
281,Melfort,CA,52.8667,-104.6177,7.56,92,100,8.05,overcast clouds
282,Karasjok,NO,69.4719,25.5112,14.11,99,99,3.02,overcast clouds
283,Sinnamary,GF,5.3833,-52.95,75.47,87,35,9.26,scattered clouds
284,Roma,US,43.2128,-75.4557,18.95,73,100,5.75,overcast clouds
285,Karakol,KG,42.4907,78.3936,17.35,73,96,3.09,overcast clouds
286,Clyde River,CA,70.4692,-68.5914,-11.92,95,100,27.81,light snow
287,Ilulissat,GL,69.2167,-51.1,19.42,49,100,20.71,overcast clouds
288,Tarnogskiy Gorodok,RU,60.4997,43.5761,14.02,92,100,8.1,overcast clouds
289,Ribeira Grande,PT,38.5167,-28.7,58.71,61,77,6.69,broken clouds
290,Kalmunai,LK,7.4167,81.8167,74.68,90,25,6.44,scattered clouds
291,Katsuura,JP,35.1333,140.3,43.11,68,100,8.08,overcast clouds
292,Tuatapere,NZ,-46.1333,167.6833,67.82,45,94,4.07,overcast clouds
293,Den Helder,NL,52.9599,4.7593,46.98,89,100,19.57,overcast clouds
294,Ambilobe,MG,-13.2,49.05,73.65,91,94,1.66,overcast clouds
295,Taltal,CL,-25.4,-70.4833,67.78,75,28,6.8,scattered clouds
296,Belaya Gora,RU,68.5333,146.4167,-25.17,94,100,2.37,overcast clouds
297,Orlik,RU,52.5178,99.825,-26.46,98,89,2.06,overcast clouds
298,Jalu,LY,29.0331,21.5482,52.09,72,9,6.91,clear sky
299,Qaanaaq,GL,77.484,-69.3632,-13.09,60,9,8.08,clear sky
300,Kollam,IN,8.8833,76.6,78.67,70,9,12.77,clear sky
301,Valparaiso,CL,-33.0393,-71.6273,71.24,59,0,12.66,clear sky
302,Verkh-Usugli,RU,52.7,115.1667,-15.16,96,12,2.86,few clouds
303,Zhezkazgan,KZ,47.8043,67.7144,13.33,87,100,12.59,overcast clouds
304,Wanning,CN,18.8003,110.3967,65.59,91,99,8.19,overcast clouds
305,Itapirapua,BR,-15.8233,-50.6133,71.98,93,90,3.36,overcast clouds
306,Marsa Matruh,EG,31.3525,27.2453,54.18,68,45,12.46,scattered clouds
307,Gat,IL,31.61,34.7642,47.79,100,57,6.78,broken clouds
308,Dirba,IN,30.0667,75.9833,44.53,69,0,6.04,clear sky
309,Samarai,PG,-10.6167,150.6667,82.49,71,93,3.83,light rain
310,Novikovo,RU,51.1537,37.8879,30.83,97,100,8.43,light snow
311,Avera,US,33.194,-82.5271,49.71,66,100,13.8,overcast clouds
312,Keighley,GB,53.8679,-1.9066,51.3,86,75,11.99,broken clouds
313,Awbari,LY,26.5921,12.7805,45.18,46,82,5.12,broken clouds
314,Teknaf,BD,20.8624,92.3058,57.52,64,69,12.06,broken clouds
315,Vardo,NO,70.3705,31.1107,26.8,58,100,21.92,light snow
316,Ashtian,IR,34.5217,50.0019,24.22,60,2,2.06,clear sky
317,Praia,CV,14.9215,-23.5087,70.34,64,40,14.97,scattered clouds
318,Dakar,SN,14.6937,-17.4441,70.68,70,100,18.68,overcast clouds
319,San Juan,AR,-31.5375,-68.5364,86.09,35,9,12.08,clear sky
320,Vila Franca Do Campo,PT,37.7167,-25.4333,58.19,81,46,9.22,scattered clouds
321,Saldanha,ZA,-33.0117,17.9442,63.95,82,0,19.44,clear sky
322,Berlevag,NO,70.8578,29.0864,28.76,59,100,9.78,overcast clouds
323,Kaka,TM,37.3482,59.6143,40.6,71,81,5.26,broken clouds
324,Starobaltachevo,RU,56.0013,55.9213,9.55,92,99,5.84,overcast clouds
325,Manaure,CO,11.7751,-72.4445,79.61,69,44,12.21,scattered clouds
326,San Vicente,AR,-26.6167,-54.1333,67.66,79,94,5.48,overcast clouds
327,Luchegorsk,RU,46.4764,134.2569,-10.88,99,67,4.43,broken clouds
328,Parana,AR,-31.732,-60.5238,73.45,68,0,6.2,clear sky
329,Andenes,NO,69.3143,16.1194,15.78,79,40,9.22,scattered clouds
330,Yumen,CN,40.2833,97.2,18.43,43,2,4.76,clear sky
331,Dunedin,NZ,-45.8742,170.5036,65.43,64,100,4.07,overcast clouds
332,Svetlogorsk,BY,52.6333,29.7333,32.32,96,100,15.64,light snow
333,Ratnagiri,IN,16.9833,73.3,70.99,44,6,7.47,clear sky
334,Balclutha,NZ,-46.2339,169.75,63.61,74,90,0.98,overcast clouds
335,Gari,RU,59.4307,62.3497,-5.46,99,41,4.7,scattered clouds
336,Esperance,AU,-33.8667,121.9,64.67,73,0,14.47,clear sky
337,Si Satchanalai,TH,17.5169,99.7598,68.85,49,29,3.02,scattered clouds
338,Fare,PF,-16.7,-151.0167,81.46,74,2,16.82,clear sky
339,Cabo San Lucas,MX,22.8909,-109.9124,82.62,60,5,8.01,clear sky
340,Olean,US,42.0776,-78.4297,20.08,85,100,10.36,overcast clouds
341,Mahebourg,MU,-20.4081,57.7,77.25,82,19,8.21,few clouds
342,Ouesso,CG,1.6136,16.0517,72.52,34,10,2.3,clear sky
343,Lake Charles,US,30.2131,-93.2044,55.38,30,0,17.27,clear sky
344,Vanimo,PG,-2.6741,141.3028,78.64,86,96,4.03,overcast clouds
345,Brae,GB,60.3964,-1.353,48.11,96,100,25.55,overcast clouds
346,Aksarka,RU,66.5606,67.7975,-5.94,98,97,7.78,overcast clouds
347,San Andres,CO,12.5847,-81.7006,79.86,69,29,10.71,scattered clouds
348,Bridlington,GB,54.0831,-0.1919,51.89,84,95,23.42,overcast clouds
349,Vila Do Maio,CV,15.1333,-23.2167,70.59,70,100,16.22,overcast clouds
350,Xuddur,SO,4.1213,43.8894,68.23,78,73,13.91,broken clouds
351,Fairlie,GB,55.756,-4.8556,52.23,88,100,8.01,overcast clouds
352,Santa Vitoria,BR,-18.8386,-50.1214,73.38,89,69,6.08,broken clouds
353,Agustin Codazzi,CO,10.0341,-73.2361,85.17,30,28,3.29,scattered clouds
354,Brodnica,PL,53.2597,19.3965,31.17,78,58,11.72,broken clouds
355,Korla,CN,41.7597,86.1469,20.34,67,0,4.25,clear sky
356,Halifax,CA,44.6453,-63.5724,36.21,93,100,4.0,light rain
357,Jiuquan,CN,39.7432,98.5174,18.95,39,0,5.06,clear sky
358,Sao Joao Da Barra,BR,-21.6403,-41.0511,77.11,89,39,18.16,scattered clouds
359,Kitui,KE,-1.367,38.0106,63.52,73,84,2.86,broken clouds
360,Kapuskasing,CA,49.4169,-82.4331,-2.4,97,90,1.92,overcast clouds
361,Haines Junction,CA,60.7522,-137.5108,29.48,96,100,1.61,overcast clouds
362,Kotido,UG,2.9806,34.1331,75.04,27,67,6.55,broken clouds
363,Nedjo,ET,9.5046,35.5019,57.96,59,39,4.09,scattered clouds
364,Iranshahr,IR,27.2025,60.6848,60.04,55,0,4.59,clear sky
365,Abu Samrah,SY,35.3029,37.1841,38.44,94,100,1.48,overcast clouds
366,Kununurra,AU,-15.7667,128.7333,80.58,89,100,0.0,overcast clouds
367,Stromness,GB,58.965,-3.296,53.85,93,100,37.24,light rain
368,Arman,RU,59.7,150.1667,8.98,77,100,14.9,overcast clouds
369,Sokoni,TZ,-6.4333,39.55,80.73,72,95,8.99,overcast clouds
370,Ushtobe,KZ,45.2514,77.9838,12.45,77,26,5.97,scattered clouds
371,Kourou,GF,5.1552,-52.6478,75.11,91,37,6.6,scattered clouds
372,Luba,GQ,3.4568,8.5547,81.41,74,96,4.29,overcast clouds
373,Okha,RU,53.5739,142.9478,-16.89,94,10,11.16,clear sky
374,Nantucket,US,41.2835,-70.0995,34.14,80,100,8.39,light snow
375,Galesong,ID,-5.3166,119.3661,77.94,74,100,1.39,overcast clouds
376,Noyabrsk,RU,63.1994,75.4507,-8.81,100,90,8.57,overcast clouds
377,Pimentel,PE,-6.8367,-79.9342,73.69,64,0,19.57,clear sky
378,Coihaique,CL,-45.5752,-72.0662,68.58,45,100,6.33,overcast clouds
379,Wamba,NG,8.9333,8.6,72.84,24,55,5.06,broken clouds
380,Port Lincoln,AU,-34.7333,135.8667,67.44,73,88,15.52,overcast clouds
381,Cienfuegos,CU,22.1461,-80.4356,72.41,77,42,7.25,scattered clouds
382,Altadena,US,34.1897,-118.1312,72.39,12,0,1.01,clear sky
383,San Rafael,AR,-34.6177,-68.3301,84.33,36,0,15.3,clear sky
384,Asfi,MA,32.2994,-9.2372,59.56,64,67,1.05,broken clouds
385,Chernogorsk,RU,53.8236,91.2842,-11.63,77,75,0.0,mist
386,Vuktyl,RU,63.8567,57.3094,4.48,93,100,8.75,overcast clouds
387,Balkanabat,TM,39.5108,54.3671,38.61,73,5,3.06,clear sky
388,Jardim,BR,-21.4803,-56.1381,74.12,95,87,3.49,light rain
389,Kudahuvadhoo,MV,2.6708,72.8944,79.88,62,42,9.62,scattered clouds
390,Moroni,KM,-11.7022,43.2551,78.4,76,99,3.04,overcast clouds
391,Bolokhovo,RU,54.0936,37.8183,24.42,97,100,7.81,snow
392,Pauini,BR,-7.7136,-66.9764,75.0,97,100,2.75,moderate rain
393,Uberlandia,BR,-18.9186,-48.2772,69.19,88,80,4.14,broken clouds
394,Baymak,RU,52.5933,58.3225,7.36,97,100,6.82,overcast clouds
395,Cidreira,BR,-30.1811,-50.2056,70.84,65,60,12.73,broken clouds
396,Megion,RU,61.0296,76.1136,-3.98,100,98,5.06,overcast clouds
397,Esmeraldas,BR,-19.7625,-44.3139,79.66,81,81,2.04,broken clouds
398,Laguna,US,38.421,-121.4238,66.04,49,0,1.01,clear sky
399,Mantua,IT,45.1667,10.7833,42.44,74,50,2.75,scattered clouds
400,Katangli,RU,51.7102,143.2326,-24.36,100,56,4.79,broken clouds
401,Klaksvik,FO,62.2266,-6.589,43.72,91,93,19.69,overcast clouds
402,Komyshuvakha,UA,47.7176,35.5288,32.94,94,99,12.73,overcast clouds
403,Yepifan,RU,53.8253,38.5518,23.9,96,100,9.69,snow
404,Zhangye,CN,38.9342,100.4517,19.72,35,0,3.98,clear sky
405,Canby,US,45.2629,-122.6926,52.77,50,0,3.44,clear sky
406,Wajir,KE,1.7471,40.0573,82.29,36,93,14.23,overcast clouds
407,Raymond,US,43.9015,-70.4703,28.58,67,100,3.0,overcast clouds
408,Flinders,AU,-34.5833,150.8552,83.05,75,24,5.01,few clouds
409,Larap,PH,14.299,122.6504,74.73,90,9,2.66,clear sky
410,Boa Vista,BR,2.8197,-60.6733,85.98,48,40,8.05,scattered clouds
411,Huntsville,US,34.7304,-86.5861,41.2,50,100,5.01,overcast clouds
412,Tosham,IN,28.8833,75.9167,49.55,53,0,2.59,clear sky
413,Ghazipur,IN,25.5833,83.5667,46.29,62,0,6.31,clear sky
414,Cockeysville,US,39.4812,-76.6439,33.6,91,100,1.01,overcast clouds
415,Puerto Carreno,CO,6.189,-67.4859,87.21,29,84,10.09,broken clouds
416,Krasnyy Chikoy,RU,50.3643,108.7512,-21.3,100,73,0.78,broken clouds
417,Kosice,SK,48.6667,21.3333,36.09,74,20,18.41,few clouds
418,Raga,SS,8.4596,25.678,65.37,22,72,4.03,broken clouds
419,Gerash,IR,27.6652,54.1371,51.37,47,60,3.6,broken clouds
420,Taunggyi,MM,20.7833,97.0333,42.22,60,90,1.5,overcast clouds
421,Srednekolymsk,RU,67.45,153.6833,-10.98,94,100,3.65,overcast clouds
422,Bafang,CM,5.1563,10.1788,65.71,36,80,2.39,broken clouds
423,Juneau,US,58.3019,-134.4197,42.22,94,100,11.01,light rain
424,Meadow Lake,US,34.8014,-106.5436,47.53,28,1,5.32,clear sky
425,Kupang,ID,-10.1667,123.5833,79.38,94,75,6.91,broken clouds
426,Buncrana,IE,55.1333,-7.45,52.39,85,100,21.05,overcast clouds
427,Ucluelet,CA,48.9329,-125.5528,46.09,86,83,1.01,broken clouds
428,Ust-Nera,RU,64.5667,143.2,-10.25,97,100,1.59,overcast clouds
429,Sretensk,RU,52.2453,117.7093,-25.02,100,65,1.66,broken clouds
430,Qena,EG,26.1615,32.7183,48.15,50,0,7.94,clear sky
431,Cody,US,44.5263,-109.0565,45.64,39,0,0.0,clear sky
432,Abilene,US,32.4487,-99.7331,57.69,27,0,1.99,clear sky
433,Gwanda,ZW,-20.9333,29.0,69.24,90,100,5.73,overcast clouds
434,Thaba-Tseka,LS,-29.522,28.6084,51.98,87,41,2.33,scattered clouds
435,Kabinda,CD,-6.1333,24.4833,66.72,94,100,1.7,light rain
436,Karratha,AU,-20.7377,116.8463,78.98,71,38,10.13,scattered clouds
437,Luanda,AO,-8.8368,13.2343,78.62,84,75,5.66,broken clouds
438,Qasigiannguit,GL,68.8193,-51.1922,19.65,58,100,26.02,overcast clouds
439,Richards Bay,ZA,-28.783,32.0377,74.57,83,100,14.18,light rain
440,Dzaoudzi,YT,-12.7887,45.2699,78.69,83,0,4.61,clear sky
441,Sao Sepe,BR,-30.1606,-53.5653,71.78,54,16,11.65,few clouds
442,Akonolinga,CM,3.7667,12.25,67.41,36,88,0.85,overcast clouds
443,Manjacaze,MZ,-24.7117,33.8828,74.32,79,81,6.71,broken clouds
444,Meckenheim,DE,50.6333,7.0167,42.71,85,100,3.0,overcast clouds
445,Baykit,RU,61.67,96.37,-12.77,100,100,1.72,overcast clouds
446,Coahuayana,MX,18.7333,-103.6833,87.28,52,25,6.2,scattered clouds
447,Koslan,RU,63.4564,48.8989,10.47,94,100,7.96,light snow
448,Ugoofaaru,MV,5.6667,73.0,81.48,67,20,15.35,few clouds
449,Pemangkat,ID,1.1667,108.9667,76.26,86,100,4.83,overcast clouds
450,Bacolod,PH,10.6667,122.95,78.33,84,75,2.33,broken clouds
451,Bima,ID,-8.4667,118.7167,77.94,91,100,0.38,overcast clouds
452,Kishni,IN,27.0247,79.2634,48.22,64,0,5.93,clear sky
453,Lusambo,CD,-4.9667,23.45,69.8,99,95,0.96,moderate rain
454,San Cristobal,VE,7.7669,-72.225,71.47,71,67,4.21,broken clouds
455,Tual,ID,-5.6667,132.75,84.18,72,99,13.49,overcast clouds
456,Yarada,IN,17.65,83.2667,69.85,72,85,8.46,overcast clouds
457,Kungurtug,RU,50.5994,97.5228,-24.0,99,88,1.41,overcast clouds
458,Tommot,RU,58.9564,126.2925,-3.98,94,100,9.17,overcast clouds
459,Landerneau,FR,48.4525,-4.2525,50.76,100,100,5.75,overcast clouds
460,Leshukonskoye,RU,64.8989,45.7622,14.05,95,100,7.14,light snow
461,Bilma,NE,18.6853,12.9164,59.07,19,0,8.46,clear sky
462,Cayenne,GF,4.9333,-52.3333,75.09,90,100,8.05,overcast clouds
463,Kozhevnikovo,RU,56.2589,83.9714,0.25,99,100,4.92,overcast clouds
464,Dagana,MR,16.5165,-15.5068,71.2,40,100,11.97,overcast clouds
465,Charters Towers,AU,-20.1,146.2667,78.85,73,58,15.12,broken clouds
466,Ingham,US,42.6,-84.3833,16.05,67,0,0.0,clear sky
467,Scottsbluff,US,41.8666,-103.6672,47.52,29,0,8.01,clear sky
468,Praia Da Vitoria,PT,38.7333,-27.0667,55.76,84,69,11.99,broken clouds
469,George,ZA,-33.963,22.4617,62.65,71,59,1.97,broken clouds
470,Pangkalanbuun,ID,-2.6833,111.6167,74.08,97,100,1.36,overcast clouds
471,Viedma,AR,-40.8135,-62.9967,88.93,21,0,12.17,clear sky
472,Flin Flon,CA,54.7682,-101.865,4.41,92,100,6.67,overcast clouds
473,Hailar,CN,49.2,119.7,-16.38,94,43,5.91,scattered clouds
474,Kirakira,SB,-10.4544,161.9205,81.28,84,96,8.79,overcast clouds
475,Pijijiapan,MX,15.7011,-93.23,84.87,54,4,5.88,clear sky
476,Andros Town,BS,24.7,-77.7667,75.16,76,96,17.07,overcast clouds
477,Porto Novo,BJ,6.4965,2.6036,76.42,80,66,1.79,broken clouds
478,Beringovskiy,RU,63.05,179.3167,-1.32,96,99,2.57,overcast clouds
479,Lingao,CN,19.9103,109.6859,68.49,91,79,12.86,broken clouds
480,Kutum,SD,14.2,24.6667,51.64,17,5,10.87,clear sky
481,Novopokrovka,UA,49.8425,36.5477,32.38,95,100,8.99,light snow
482,Listvyanka,RU,51.8535,104.8693,-4.5,98,96,2.24,overcast clouds
483,Saint-Michel-Des-Saints,CA,46.6834,-73.9159,-14.71,97,60,2.8,broken clouds
484,Wakkanai,JP,45.4094,141.6739,22.53,60,100,22.19,overcast clouds
485,Nongan,CN,44.382,125.1685,-0.26,79,5,7.11,clear sky
486,Vadso,NO,70.0744,29.7487,26.76,74,75,16.11,broken clouds
487,Aksu,CN,41.1231,80.2644,20.75,55,14,1.83,few clouds
488,Xining,CN,36.6167,101.7667,8.08,87,87,3.11,overcast clouds
489,Polovinnoye,RU,54.7914,65.9864,5.61,96,100,5.61,overcast clouds
490,Corvallis,US,44.5646,-123.262,55.04,58,0,0.0,clear sky
491,Boyolangu,ID,-8.1181,111.8935,75.36,89,100,3.69,overcast clouds
492,Tocopilla,CL,-22.092,-70.1979,67.89,73,24,4.23,few clouds
493,Tyukhtet,RU,56.5389,89.3011,-3.87,99,90,4.41,overcast clouds
494,Miraflores,MX,19.2167,-98.8083,71.87,31,21,4.18,few clouds
495,Kez,RU,57.8979,53.7152,10.76,97,100,3.15,overcast clouds
496,Athabasca,CA,54.7169,-113.2854,38.03,65,61,11.27,broken clouds
497,Temiscaming,CA,46.7212,-79.0971,-8.52,92,20,0.72,few clouds
498,Sile,TR,41.1754,29.6133,41.67,78,98,11.77,overcast clouds
499,Lima,PE,-12.0432,-77.0282,72.9,70,75,1.01,light rain
500,Searcy,US,35.2506,-91.7363,44.22,32,0,4.0,clear sky
501,Samana,DO,19.2056,-69.3369,76.96,77,17,7.31,few clouds
502,Viransehir,TR,37.2353,39.7631,35.71,95,97,8.41,overcast clouds
503,Puerto Escondido,MX,15.85,-97.0667,83.23,65,40,9.22,scattered clouds
504,Savannah Bight,HN,16.45,-85.85,80.65,68,4,8.95,clear sky
505,Aasiaat,GL,68.7098,-52.8699,20.12,66,100,26.6,overcast clouds
506,Lotofaga,WS,-13.9764,-171.8578,81.79,74,44,21.21,light rain
507,Ulaangom,MN,49.9811,92.0667,-22.25,88,91,3.2,overcast clouds
508,Petropavlovsk-Kamchatskiy,RU,53.0452,158.6483,23.59,93,100,6.71,light shower snow
509,Matamoros,MX,25.5333,-103.25,59.11,56,75,12.66,broken clouds
510,Santo Angelo,BR,-28.2992,-54.2631,67.87,72,31,8.57,scattered clouds
511,Rapar,IN,23.5667,70.6333,61.0,38,0,5.77,clear sky
512,Trairi,BR,-3.2778,-39.2689,72.07,89,100,7.11,overcast clouds
513,Tessalit,ML,20.1986,1.0114,64.6,16,7,12.03,clear sky
514,Khovu-Aksy,RU,51.1333,93.6,-16.49,95,27,3.74,scattered clouds
515,Kathu,TH,7.9178,98.3332,75.02,77,11,3.29,few clouds
516,Oistins,BB,13.0667,-59.5333,75.51,78,40,9.22,scattered clouds
517,Taft,IR,31.7471,54.2088,37.51,40,20,1.54,few clouds
518,Norman Wells,CA,65.282,-126.8329,-6.9,97,100,5.17,overcast clouds
519,Labuhan,ID,-6.8844,112.2051,78.44,84,100,6.46,overcast clouds
520,Uhlove,UA,44.8215,33.6045,39.56,79,100,12.35,overcast clouds
521,Skovorodino,RU,53.9833,123.9167,-9.53,94,21,3.78,few clouds
522,Hoi An,VN,15.8794,108.335,69.76,90,56,7.02,broken clouds
523,Karachev,RU,53.1229,34.9852,31.89,97,100,6.96,overcast clouds
524,Aarschot,BE,50.9871,4.837,43.9,89,100,5.01,overcast clouds
525,Buchanan,LR,5.8808,-10.0467,78.76,82,47,5.82,scattered clouds
526,Havre-Saint-Pierre,CA,50.2334,-63.5986,12.0,86,71,10.2,broken clouds
527,Kurumkan,RU,54.3,110.3,-15.99,91,33,3.33,scattered clouds
528,Port Macquarie,AU,-31.4333,152.9167,74.89,72,28,7.23,scattered clouds
529,Souillac,MU,-20.5167,57.5167,77.36,85,32,7.76,scattered clouds
530,Nyurba,RU,63.2842,118.3319,-25.28,100,22,3.51,few clouds
531,Campina Grande Do Sul,BR,-25.3056,-49.0553,62.53,90,100,4.63,overcast clouds
532,Sept-Iles,CA,50.2001,-66.3821,0.05,66,4,5.01,clear sky
533,Tempio Pausania,IT,40.8974,9.1035,31.12,93,31,4.0,scattered clouds
534,Tomatlan,MX,19.9333,-105.25,84.78,40,88,6.98,overcast clouds
535,Komsomolskiy,UZ,40.4272,71.7189,36.32,41,40,6.91,scattered clouds
536,Riyadh,SA,24.6877,46.7219,50.14,35,2,6.73,clear sky
537,Leh,IN,34.1667,77.5833,-6.63,76,13,2.62,few clouds
538,Muroran,JP,42.3172,140.9881,23.25,73,93,19.66,overcast clouds
539,Alanya,TR,36.5438,31.9998,42.93,58,8,7.76,clear sky
540,Juybar,IR,36.6412,52.9124,42.19,85,35,4.59,scattered clouds
541,Miri,MY,4.4148,114.0089,74.98,92,98,3.98,overcast clouds
542,Victor Harbor,AU,-35.5667,138.6167,73.8,82,44,1.99,scattered clouds
543,Margate,GB,51.3813,1.3862,47.97,84,99,5.01,overcast clouds
544,Lincoln,US,40.8,-96.667,39.38,48,0,1.99,clear sky
545,Denpasar,ID,-8.65,115.2167,80.26,83,20,6.91,few clouds
546,Tanout,NE,14.9709,8.8879,60.01,13,0,14.81,clear sky
547,Hualmay,PE,-11.0964,-77.6139,71.37,78,100,9.57,overcast clouds
548,Sisophon,KH,13.5859,102.9737,75.99,79,8,6.51,clear sky
549,Usinsk,RU,65.9939,57.5281,1.33,96,99,12.8,overcast clouds
550,Duluth,US,46.7833,-92.1066,13.28,68,100,1.99,overcast clouds
551,Saint-Francois,FR,46.4154,3.9054,32.68,97,100,3.44,overcast clouds
552,Mocuba,MZ,-16.8392,36.9856,71.1,99,14,3.0,few clouds
553,Devonport,AU,-41.1667,146.35,72.01,89,43,7.0,scattered clouds
554,San Ignacio,BZ,17.1561,-89.0714,86.14,62,40,0.0,scattered clouds
555,Alice Springs,AU,-23.7,133.8833,74.75,100,100,9.22,overcast clouds
556,Jaisalmer,IN,26.9147,70.9181,59.02,19,0,5.5,clear sky
557,Bajil,YE,15.0584,43.2851,75.33,80,9,5.88,clear sky
558,Mexico,PH,15.0646,120.7198,78.15,89,28,1.97,scattered clouds
559,Hornepayne,CA,49.2138,-84.7705,-3.64,95,48,3.09,scattered clouds
560,Peleduy,RU,59.6289,112.7406,-12.73,100,100,3.04,overcast clouds
561,Bam,IR,29.106,58.357,50.34,37,1,11.63,clear sky
562,Plastun,RU,44.7561,136.2939,5.16,62,9,9.55,clear sky
563,Villamontes,BO,-21.25,-63.5,76.98,64,90,4.54,overcast clouds
564,Conde,BR,-7.2597,-34.9075,72.86,100,75,10.36,light rain
565,San Pedro,PH,14.35,121.0167,77.36,88,5,4.09,clear sky
566,Lai,TD,9.3952,16.2989,74.8,20,44,8.86,scattered clouds
567,Guane,CU,22.2025,-84.0875,72.93,69,49,9.78,scattered clouds
568,Ajdabiya,LY,30.7554,20.2263,54.19,63,6,7.54,clear sky
569,Kitgum,UG,3.2783,32.8867,72.99,32,63,1.54,broken clouds
570,Quatre Cocos,MU,-20.2078,57.7625,77.09,82,23,8.3,light rain
571,Milton,US,34.1322,-84.3007,40.42,56,89,5.01,overcast clouds
572,Teya,RU,60.3778,92.6267,2.88,97,100,4.09,overcast clouds
573,Danilov,RU,58.1908,40.1717,14.58,94,100,7.94,overcast clouds
574,Ossora,RU,59.2353,163.0719,33.91,81,100,19.22,light snow
575,Coxim,BR,-18.5067,-54.76,76.21,89,96,1.5,light rain
576,Belawan,ID,3.7755,98.6832,75.49,91,63,3.22,broken clouds
577,Escarcega,MX,18.6089,-90.7454,72.79,90,88,6.71,overcast clouds
578,Almora,IN,29.6167,79.6667,35.38,76,0,1.43,clear sky
579,Ciudad Real,ES,39.0,-4.0,39.11,61,0,1.01,clear sky
580,Fort Nelson,CA,58.8053,-122.7002,14.49,92,87,2.71,overcast clouds
581,Callaway,US,30.153,-85.5699,49.95,56,40,5.99,scattered clouds
582,Makakilo City,US,21.3469,-158.0858,80.35,61,0,12.66,clear sky
583,Hof,DE,50.3167,11.9167,34.45,82,75,9.22,broken clouds
584,Zhigansk,RU,66.7697,123.3711,-11.34,97,90,17.9,overcast clouds
585,La Paz,BO,-16.5,-68.15,51.78,87,75,6.91,broken clouds
586,Poya,NC,-21.35,165.15,84.06,65,100,6.64,overcast clouds
587,Monterey,US,36.2505,-121.2516,67.77,22,66,5.79,broken clouds
588,Aykhal,RU,66.0,111.5,-16.62,100,65,5.21,broken clouds
589,Abha,SA,18.2164,42.5053,52.05,94,20,8.05,few clouds
590,Januaria,BR,-15.4833,-44.3667,74.5,75,100,2.73,overcast clouds
591,Nandyal,IN,15.4833,78.4833,64.33,72,29,3.47,scattered clouds
592,Yaan,NG,7.3833,8.5667,81.82,18,94,8.88,overcast clouds
593,San Lorenzo,PY,-25.3333,-57.5333,85.14,42,20,10.36,few clouds
594,Acajutla,SV,13.5928,-89.8275,93.54,61,7,8.01,clear sky
595,Cozumel,MX,20.5083,-86.9458,78.87,87,75,1.01,broken clouds
596,Puerto Madryn,AR,-42.7692,-65.0385,86.38,30,9,12.24,clear sky
597,Senador Jose Porfirio,BR,-2.5908,-51.9542,75.09,95,58,3.76,moderate rain
598,Kokopo,PG,-4.352,152.2633,82.17,73,100,5.28,overcast clouds
599,Kholodnyy,RU,62.7167,147.95,-1.97,95,100,5.1,overcast clouds
600,Anaconda,US,46.1285,-112.9423,37.78,64,87,5.86,overcast clouds
601,Pitimbu,BR,-7.4706,-34.8086,73.99,72,66,12.28,light rain
602,Galashki,RU,43.1136,44.9894,18.12,78,19,4.99,few clouds
603,Veshenskaya,RU,49.6303,41.7334,27.66,95,100,14.79,light snow
604,Porbandar,IN,21.6422,69.6093,64.71,33,3,9.26,clear sky
605,Dudinka,RU,69.4058,86.1778,-0.38,93,100,19.39,overcast clouds
606,Namatanai,PG,-3.6667,152.4333,82.96,76,93,4.23,light rain
607,Togur,RU,58.3631,82.8265,-1.3,99,100,5.61,overcast clouds
608,Krasnogorsk,RU,55.8225,37.3181,21.45,86,100,8.95,light snow
609,Palimbang,PH,6.2106,124.1894,79.03,81,87,2.71,overcast clouds
610,Nicoya,CR,10.1483,-85.452,87.35,47,44,3.85,scattered clouds
611,Mandurah,AU,-32.55,115.7,79.16,51,0,10.83,clear sky
612,Le Port,RE,-20.9373,55.2919,75.2,72,14,2.64,few clouds
613,Cabedelo,BR,-6.9811,-34.8339,74.07,72,69,10.85,moderate rain
614,Srandakan,ID,-7.9386,110.2506,75.42,87,84,4.12,broken clouds
615,Goiatuba,BR,-18.0125,-49.3547,68.58,92,69,4.97,broken clouds
616,Tiarei,PF,-17.5333,-149.3333,84.22,75,15,17.54,few clouds
617,Nalut,LY,30.3333,10.85,44.19,33,6,7.11,clear sky
618,Khuzdar,PK,27.7384,66.6434,51.22,41,0,4.74,clear sky
619,Kidal,ML,18.4411,1.4078,64.92,19,0,11.34,clear sky
620,Sweetwater,US,25.7634,-80.3731,73.42,74,75,1.01,broken clouds
621,Sur,OM,22.5667,59.5289,68.79,56,0,3.02,clear sky
622,Ostrovnoy,RU,68.0531,39.5131,10.74,94,89,9.37,overcast clouds
623,Cameron Park,US,38.6688,-120.9872,64.45,43,99,1.99,overcast clouds
624,Palatka,US,29.6486,-81.6376,57.97,62,100,8.08,overcast clouds
625,Progreso,MX,21.2833,-89.6667,77.11,72,34,14.67,scattered clouds
626,Mastic Beach,US,40.7668,-72.8521,32.04,86,100,1.01,overcast clouds
627,Sembakung,ID,3.8167,117.25,73.33,97,84,1.03,broken clouds
628,Santa Cruz,BO,-17.8,-63.1667,84.25,58,75,11.5,broken clouds
629,Muros,ES,42.7762,-9.0603,47.84,75,0,7.81,clear sky
630,Tambura,SS,5.6,27.4667,69.76,24,84,5.37,broken clouds
631,Onega,RU,63.9061,38.1404,-0.9,100,99,3.69,overcast clouds
632,Kayerkan,RU,69.3497,87.7602,-1.48,84,100,13.27,overcast clouds
633,Oriximina,BR,-1.7656,-55.8661,75.87,91,72,1.9,light rain
634,Lata,PT,40.1629,-8.3327,48.04,60,0,5.03,clear sky
635,Ibanda,TZ,-2.7974,32.4746,64.63,65,100,2.42,overcast clouds
636,Agadez,NE,19.75,10.25,56.26,17,0,8.01,clear sky
637,Rock Sound,BS,24.9,-76.2,76.3,77,91,19.19,overcast clouds
638,Urengoy,RU,65.9667,78.3667,3.61,97,98,7.45,overcast clouds
639,Kurilsk,RU,45.2333,147.8833,22.71,64,72,9.33,broken clouds
640,Edeia,BR,-17.3383,-49.9314,70.48,92,63,5.17,broken clouds
641,Kendari,ID,-3.945,122.4989,76.73,90,100,1.72,overcast clouds
642,Waingapu,ID,-9.6567,120.2641,79.03,84,100,6.93,overcast clouds
643,Yatou,CN,37.15,122.3833,27.82,56,77,6.49,broken clouds
644,Daru,PG,-9.0763,143.2092,80.2,83,100,9.19,overcast clouds
645,Hazorasp,UZ,41.3194,61.0742,32.99,86,100,16.78,overcast clouds
646,Tumen,CN,42.9661,129.8425,9.88,70,82,11.32,broken clouds
647,High Level,CA,58.5169,-117.136,15.94,94,98,4.23,overcast clouds
648,Haizhou,CN,34.5817,119.1289,30.52,49,70,5.53,broken clouds
649,Kikwit,CD,-5.041,18.8162,73.31,81,100,2.19,overcast clouds
650,Biltine,TD,14.5333,20.9167,62.44,15,29,14.0,scattered clouds
651,Iracoubo,GF,5.4802,-53.2011,75.6,87,49,9.33,scattered clouds
652,Along,IN,28.1667,94.7667,41.7,81,1,1.92,clear sky
653,Yeniseysk,RU,58.4497,92.1703,-3.6,99,100,3.6,overcast clouds
654,Emerald,AU,-23.5333,148.1667,82.35,53,62,11.39,broken clouds
655,Tibati,CM,6.4667,12.6333,71.58,20,97,9.19,overcast clouds
656,Gornopravdinsk,RU,60.05,69.9,-6.5,100,100,3.65,overcast clouds
657,Kirensk,RU,57.7853,108.1119,-21.48,100,99,1.63,overcast clouds
658,Kindu,CD,-2.95,25.95,71.83,92,100,2.13,overcast clouds
659,Gorey,IE,52.6747,-6.2925,54.57,82,99,18.01,overcast clouds
660,Pogoanele,RO,44.9167,27.0,35.24,66,46,8.05,scattered clouds
661,Macamic,CA,48.7502,-78.9996,-12.71,96,38,4.21,scattered clouds
662,Saint-Ambroise,CA,48.5501,-71.3324,-23.51,99,82,1.07,broken clouds
663,Clonakilty,IE,51.6231,-8.8706,52.09,90,100,21.27,overcast clouds
664,Kalamare,BW,-22.9337,26.5703,69.19,83,45,10.09,light rain
665,Darnah,LY,32.767,22.6367,53.62,72,3,11.21,clear sky
666,West Plains,US,36.7281,-91.8524,34.56,27,0,5.99,clear sky
667,Svetlyy,RU,54.675,20.1347,35.96,69,28,14.94,scattered clouds
668,Atocha,BO,-20.9333,-66.2333,55.92,61,96,5.59,light rain
669,College,US,64.8569,-147.8028,6.75,51,75,13.8,broken clouds
670,Sabya,SA,17.1495,42.6254,76.77,72,6,10.45,clear sky
671,Pacific Grove,US,36.6177,-121.9166,73.08,35,0,4.0,clear sky
672,Cockburn Town,TC,21.4612,-71.1419,76.96,69,40,4.61,scattered clouds
673,Churapcha,RU,62.0025,132.4325,-28.73,100,100,2.59,overcast clouds
674,Taksimo,RU,56.3444,114.8794,-16.92,92,49,1.99,scattered clouds
675,Dolgoye,RU,52.8,37.2167,26.19,97,100,8.05,snow
676,Elko,US,41.0002,-115.5012,41.02,35,0,3.47,clear sky
677,Santa Lucia,ES,27.9117,-15.5407,54.72,67,20,11.5,few clouds
678,Riberalta,BO,-10.9833,-66.1,77.2,88,100,0.0,overcast clouds
679,Prabumulih,ID,-3.45,104.25,71.73,95,94,2.13,overcast clouds
680,Bacungan,PH,9.9106,118.7022,77.38,86,87,3.06,overcast clouds
681,Kaeo,NZ,-35.1,173.7833,74.32,61,100,14.2,overcast clouds
682,Eyl,SO,7.9803,49.8164,73.2,73,96,13.91,overcast clouds
683,Sokoto,NG,13.0609,5.239,70.34,17,4,15.41,clear sky
